titre,score,genre,année,durée,description,acteurs,pays
The Shawshank Redemption,9.3,Drama,1994,2h 22m,"Over the course of several years, two convicts form a friendship, seeking consolation and, eventually, redemption through basic compassion.","Tim Robbins,Morgan Freeman,Bob Gunton",United States
Interstellar,8.7,Adventure,2014,2h 49m,"When Earth becomes uninhabitable in the future, a farmer and ex-NASA pilot, Joseph Cooper, is tasked to pilot a spacecraft, along with a team of researchers, to find a new planet for humans.","Matthew McConaughey,Anne Hathaway,Jessica Chastain",United States
Seven Samurai,8.6,Action,1954,3h 27m,"Farmers from a village exploited by bandits hire a veteran samurai for protection, who gathers six other samurai to join him.","Toshirô Mifune,Takashi Shimura,Keiko Tsushima",Japan
Goodfellas,8.7,Biography,1990,2h 25m,"The story of Henry Hill and his life in the mafia, covering his relationship with his wife Karen and his mob partners Jimmy Conway and Tommy DeVito.","Robert De Niro,Ray Liotta,Joe Pesci",United States
Se7en,8.6,Crime,1995,2h 7m,"Two detectives, a rookie and a veteran, hunt a serial killer who uses the seven deadly sins as his motives.","Morgan Freeman,Brad Pitt,Kevin Spacey",United States
It's a Wonderful Life,8.6,Drama,1946,2h 10m,An angel is sent from Heaven to help a desperately frustrated businessman by showing him what life would have been like if he had never existed.,"James Stewart,Donna Reed,Lionel Barrymore",United States
The Matrix,8.7,Action,1999,2h 16m,"When a beautiful stranger leads computer hacker Neo to a forbidding underworld, he discovers the shocking truth--the life he knows is the elaborate deception of an evil cyber-intelligence.","Keanu Reeves,Laurence Fishburne,Carrie-Anne Moss",United States
The Silence of the Lambs,8.6,Crime,1991,1h 58m,"A young F.B.I. cadet must receive the help of an incarcerated and manipulative cannibal killer to help catch another serial killer, a madman who skins his victims.","Jodie Foster,Anthony Hopkins,Scott Glenn",United States
Saving Private Ryan,8.6,Drama,1998,2h 49m,"Following the Normandy Landings, a group of U.S. soldiers go behind enemy lines to retrieve a paratrooper whose brothers have been killed in action.","Tom Hanks,Matt Damon,Tom Sizemore",United States
One Flew Over the Cuckoo's Nest,8.7,Drama,1975,2h 13m,"In the Fall of 1963, a Korean War veteran and criminal pleads insanity and is admitted to a mental institution, where he rallies up the scared patients against the tyrannical nurse.","Jack Nicholson,Louise Fletcher,Michael Berryman",United States
Star Wars: Episode V - The Empire Strikes Back,8.7,Action,1980,2h 4m,"After the Rebels are overpowered by the Empire, Luke Skywalker begins his Jedi training with Yoda, while his friends are pursued across the galaxy by Darth Vader and bounty hunter Boba Fett.","Mark Hamill,Harrison Ford,Carrie Fisher",United States
Dune: Part Two,8.8,Action,2024,2h 46m,Paul Atreides unites with Chani and the Fremen while seeking revenge against the conspirators who destroyed his family.,"Timothée Chalamet,Zendaya,Rebecca Ferguson",United States
Fight Club,8.8,Drama,1999,2h 19m,An insomniac office worker and a devil-may-care soap maker form an underground fight club that evolves into much more.,"Brad Pitt,Edward Norton,Meat Loaf",Germany
Gangs of Wasseypur,8.2,Action,2012,5h 21m,"A clash between Sultan and Shahid Khan leads to the expulsion of Khan from Wasseypur, and ignites a deadly blood feud spanning three generations.","Manoj Bajpayee,Nawazuddin Siddiqui,Tigmanshu Dhulia",India
The Lord of the Rings: The Two Towers,8.8,Action,2002,2h 59m,"While Frodo and Sam edge closer to Mordor with the help of the shifty Gollum, the divided fellowship makes a stand against Sauron's new ally, Saruman, and his hordes of Isengard.","Elijah Wood,Ian McKellen,Viggo Mortensen",New Zealand
Dances with Wolves,8.0,Adventure,1990,3h 1m,"Lieutenant John Dunbar, assigned to a remote western Civil War outpost, finds himself engaging with a neighbouring Sioux settlement, causing him to question his own purpose.","Kevin Costner,Mary McDonnell,Graham Greene",United States
Inception,8.8,Action,2010,2h 28m,"A thief who steals corporate secrets through the use of dream-sharing technology is given the inverse task of planting an idea into the mind of a C.E.O., but his tragic past may doom the project and his team to disaster.","Leonardo DiCaprio,Joseph Gordon-Levitt,Elliot Page",United States
Forrest Gump,8.8,Drama,1994,2h 22m,"The history of the United States from the 1950s to the '70s unfolds from the perspective of an Alabama man with an IQ of 75, who yearns to be reunited with his childhood sweetheart.","Tom Hanks,Robin Wright,Gary Sinise",United States
It Happened One Night,8.1,Comedy,1934,1h 45m,"A renegade reporter trailing a young runaway heiress for a big story joins her on a bus heading from Florida to New York, and they end up stuck with each other when the bus leaves them behind at one of the stops.","Clark Gable,Claudette Colbert,Walter Connolly",United States
The Help,8.1,Drama,2011,2h 26m,"An aspiring author during the civil rights movement of the 1960s decides to write a book detailing the African American maids' point of view on the white families for which they work, and the hardships they go through on a daily basis.","Viola Davis,Emma Stone,Octavia Spencer",United States
Cool Hand Luke,8.1,Crime,1967,2h 7m,"A laid-back Southern man is sentenced to two years in a rural prison, but refuses to conform.","Paul Newman,George Kennedy,Strother Martin",United States
The Iron Giant,8.1,Animation,1999,1h 26m,A young boy befriends a giant robot from outer space that a paranoid government agent wants to destroy.,"Eli Marienthal,Harry Connick Jr.,Jennifer Aniston",United States
Rebecca,8.1,Drama,1940,2h 10m,A self-conscious woman juggles adjusting to her new role as an aristocrat's wife and avoiding being intimidated by his first wife's spectral presence.,"Laurence Olivier,Joan Fontaine,George Sanders",United States
Amores Perros,8.1,Drama,2000,2h 34m,"An amateur dog fighter, a supermodel, and a derelict assassin, all separately struggling to find love, find their lives transformed by a devastating car wreck in Mexico City.","Emilio Echevarría,Gael García Bernal,Goya Toledo",Mexico
Groundhog Day,8.0,Comedy,1993,1h 41m,"A narcissistic, self-centered weatherman finds himself in a time loop on Groundhog Day.","Bill Murray,Andie MacDowell,Chris Elliott",United States
Aladdin,8.0,Animation,1992,1h 30m,A kind-hearted street urchin and a power-hungry Grand Vizier vie for a magic lamp that has the power to make their deepest wishes come true.,"Scott Weinger,Robin Williams,Linda Larkin",United States
The Grapes of Wrath,8.1,Drama,1940,2h 9m,"An Oklahoma family, driven off their farm by the poverty and hopelessness of the Dust Bowl, joins the westward migration to California, suffering the misfortunes of the homeless in the Great Depression.","Henry Fonda,Jane Darwell,John Carradine",United States
The Battle of Algiers,8.1,Drama,1966,2h 1m,"In the 1950s, fear and violence escalate as the people of Algiers fight for independence from the French government.","Brahim Hadjadj,Jean Martin,Yacef Saadi",Italy
To Be or Not to Be,8.1,Comedy,1942,1h 39m,"During the German occupation of Poland, an acting troupe becomes embroiled in a Polish soldier's efforts to track down a German spy.","Carole Lombard,Jack Benny,Robert Stack",United States
The Sound of Music,8.1,Biography,1965,2h 52m,A young novice is sent by her convent in 1930s Austria to become a governess to the seven children of a widowed naval officer.,"Julie Andrews,Christopher Plummer,Eleanor Parker",United States
The Handmaiden,8.1,Drama,2016,2h 25m,"A woman is hired as a handmaiden to a Japanese heiress, but secretly she is involved in a plot to defraud her.","Kim Min-hee,Ha Jung-woo,Cho Jin-woong",South Korea
Into the Wild,8.1,Adventure,2007,2h 28m,"After graduating from Emory University, top student and athlete Christopher McCandless abandons his possessions, gives his entire $24,000 savings account to charity and hitchhikes to Alaska to live in the wilderness. Along the way, Christopher encounters a series of characters th...","Emile Hirsch,Vince Vaughn,Catherine Keener",United States
My Father and My Son,8.2,Drama,2005,1h 52m,The family of a left-wing journalist is torn apart after the military coup of Turkey in 1980.,"Çetin Tekindor,Fikret Kuskan,Hümeyra",Turkey
The Incredibles,8.0,Animation,2004,1h 55m,"While trying to lead a quiet suburban life, a family of undercover superheroes are forced into action to save the world.","Craig T. Nelson,Samuel L. Jackson,Holly Hunter",United States
Hachi: A Dog's Tale,8.1,Biography,2009,1h 33m,"Professor Wilson discovers a lost Akita puppy on his way home. Despite objections from his wife, Hachi endears himself to the family and grows to be Parker's loyal companion. As their bond grows deeper, a beautiful relationship unfolds.","Richard Gere,Joan Allen,Cary-Hiroyuki Tagawa",United Kingdom
Stand by Me,8.1,Adventure,1986,1h 29m,A writer recounts a childhood journey with his friends to find the body of a missing boy.,"Wil Wheaton,River Phoenix,Corey Feldman",United States
The Wizard of Oz,8.1,Adventure,1939,1h 42m,"Young Dorothy Gale and her dog Toto are swept away by a tornado from their Kansas farm to the magical Land of Oz, and embark on a quest with three new friends to see the Wizard, who can return her to her home and fulfill the others' wishes.","Judy Garland,Frank Morgan,Ray Bolger",United States
Rush,8.1,Action,2013,2h 3m,The merciless 1970s rivalry between Formula One rivals James Hunt and Niki Lauda.,"Daniel Brühl,Chris Hemsworth,Olivia Wilde",United Kingdom
Network,8.1,Drama,1976,2h 1m,"A television network cynically exploits a deranged former anchor's ravings and revelations about the news media for its own profit, but finds that his message may be difficult to control.","Faye Dunaway,William Holden,Peter Finch",United States
Pirates of the Caribbean: The Curse of the Black Pearl,8.1,Action,2003,2h 23m,"Blacksmith Will Turner teams up with eccentric pirate ""Captain"" Jack Sparrow to save his love, the governor's daughter, from Jack's former pirate allies, who are now undead.","Johnny Depp,Geoffrey Rush,Orlando Bloom",United States
The Exorcist,8.1,Horror,1973,2h 2m,"When a young girl is possessed by a mysterious entity, her mother seeks the help of two Catholic priests to save her life.","Ellen Burstyn,Max von Sydow,Linda Blair",United States
The Best Years of Our Lives,8.1,Drama,1946,2h 50m,"Three World War II veterans, two of them traumatized or disabled, return home to the American midwest to discover that they and their families have been irreparably changed.","Myrna Loy,Dana Andrews,Fredric March",United States
The Passion of Joan of Arc,8.1,Biography,1928,1h 54m,"In 1431, Jeanne d'Arc is placed on trial on charges of heresy. The ecclesiastical jurists attempt to force Jeanne to recant her claims of holy visions.","Maria Falconetti,Eugene Silvain,André Berley",France
Jai Bhim,8.7,Crime,2021,2h 44m,"When a tribal man is arrested for a case of alleged theft, his wife turns to a human-rights lawyer to help bring justice.","Suriya,Lijo Mol Jose,Manikandan K.",India
La haine,8.1,Crime,1995,1h 38m,24 hours in the lives of three young men in the French suburbs the day after a violent riot.,"Vincent Cassel,Hubert Koundé,Saïd Taghmaoui",France
The Terminator,8.1,Action,1984,1h 47m,"A human soldier is sent from 2029 to 1984 to stop an almost indestructible cyborg killing machine, sent from the same year, which has been programmed to execute a young woman whose unborn son is the key to humanity's future salvation.","Arnold Schwarzenegger,Linda Hamilton,Michael Biehn",United Kingdom
Before Sunset,8.1,Drama,2004,1h 20m,"Nine years after Jesse and Celine first met, they encounter each other again on the French leg of Jesse's book tour.","Ethan Hawke,Julie Delpy,Vernon Dobtcheff",France
Platoon,8.1,Drama,1986,2h,"Chris Taylor, a neophyte recruit in Vietnam, finds himself caught in a battle of wills between two sergeants, one good and the other evil. A shrewd examination of the brutality of war and the duality of man in conflict.","Charlie Sheen,Tom Berenger,Willem Dafoe",United States
Spotlight,8.1,Biography,2015,2h 9m,"The true story of how the Boston Globe uncovered the massive scandal of child molestation and cover-up within the local Catholic Archdiocese, shaking the entire Catholic Church to its core.","Mark Ruffalo,Michael Keaton,Rachel McAdams",United States
Hotel Rwanda,8.1,Biography,2004,2h 1m,"Paul Rusesabagina, a hotel manager, houses over a thousand Tutsi refugees during their struggle against the Hutu militia in Rwanda, Africa.","Don Cheadle,Sophie Okonedo,Joaquin Phoenix",United Kingdom
Rocky,8.1,Drama,1976,2h,A small-time Philadelphia boxer gets a supremely rare chance to fight the world heavyweight champion in a bout in which he strives to go the distance for his self-respect.,"Sylvester Stallone,Talia Shire,Burt Young",United States
The Seventh Seal,8.1,Drama,1957,1h 36m,"A knight returning to Sweden after the Crusades seeks answers about life, death, and the existence of God as he plays chess against the Grim Reaper during the Black Plague.","Max von Sydow,Gunnar Björnstrand,Bengt Ekerot",Sweden
Room,8.1,Drama,2015,1h 58m,"A little boy is held captive in a room with his mother since his birth, so he has never known the world outside.","Brie Larson,Jacob Tremblay,Sean Bridgers",Ireland
Tokyo Story,8.1,Drama,1953,2h 16m,"An old couple visit their children and grandchildren in the city, but receive little attention.","Chishû Ryû,Chieko Higashiyama,Sô Yamamura",Japan
Logan,8.1,Action,2017,2h 17m,"In a future where mutants are nearly extinct, an elderly and weary Logan leads a quiet life. But when Laura, a mutant child pursued by scientists, comes to him for help, he must get her to safety.","Hugh Jackman,Patrick Stewart,Dafne Keen",United States
The Big Lebowski,8.1,Comedy,1998,1h 57m,"Jeff ""The Dude"" Lebowski, mistaken for a millionaire of the same name, seeks restitution for his ruined rug and enlists his bowling buddies to help get it.","Jeff Bridges,John Goodman,Julianne Moore",United States
Ratatouille,8.1,Animation,2007,1h 51m,A rat who can cook makes an unusual alliance with a young kitchen worker at a famous Paris restaurant.,"Brad Garrett,Lou Romano,Patton Oswalt",United States
Mr. Smith Goes to Washington,8.1,Comedy,1939,2h 9m,"A naive youth leader is appointed to fill a vacancy in the U.S. Senate. His idealistic plans promptly collide with corruption at home and subterfuge from his hero in Washington, but he tries to forge ahead despite attacks on his character.","James Stewart,Jean Arthur,Claude Rains",United States
How to Train Your Dragon,8.1,Animation,2010,1h 38m,"A hapless young Viking who aspires to hunt dragons becomes the unlikely friend of a young dragon himself, and learns there may be more to the creatures than he assumed.","Jay Baruchel,Gerard Butler,Christopher Mintz-Plasse",United States
The Wages of Fear,8.2,Adventure,1953,2h 11m,"In a decrepit South American village, four men are hired to transport an urgent nitroglycerine shipment without the equipment that would make it safe.","Yves Montand,Charles Vanel,Peter van Eyck",France
Jaws,8.1,Adventure,1975,2h 4m,"When a killer shark unleashes chaos on a beach community off Cape Cod, it's up to a local sheriff, a marine biologist, and an old seafarer to hunt the beast down.","Roy Scheider,Robert Shaw,Richard Dreyfuss",United States
The Third Man,8.1,Film-Noir,1949,1h 33m,"Pulp novelist Holly Martins travels to shadowy, postwar Vienna, only to find himself investigating the mysterious death of an old friend, Harry Lime.","Orson Welles,Joseph Cotten,Alida Valli",United Kingdom
Mary and Max,8.1,Animation,2009,1h 32m,"In 1976 Melbourne, a lonely 8-year-old girl strikes up a correspondence with an unlikely pen pal: a severely obese 44-year-old New Yorker with Asperger's syndrome.","Toni Collette,Philip Seymour Hoffman,Eric Bana",Australia
Ford v Ferrari,8.1,Action,2019,2h 32m,American car designer Carroll Shelby and driver Ken Miles battle corporate interference and the laws of physics to build a revolutionary race car for Ford in order to defeat Ferrari at the 24 Hours of Le Mans in 1966.,"Matt Damon,Christian Bale,Jon Bernthal",United States
Wild Strawberries,8.1,Drama,1957,1h 31m,"After living a life marked by coldness, an aging professor is forced to confront the emptiness of his existence.","Victor Sjöström,Bibi Andersson,Ingrid Thulin",Sweden
Mad Max: Fury Road,8.1,Action,2015,2h,"In a post-apocalyptic wasteland, a woman rebels against a tyrannical ruler in search for her homeland with the aid of a group of female prisoners, a psychotic worshiper and a drifter named Max.","Tom Hardy,Charlize Theron,Nicholas Hoult",Australia
Sherlock Jr.,8.2,Action,1924,45m,"A film projectionist longs to be a detective, and puts his meagre skills to work when he is framed by a rival for stealing his girlfriend's father's pocketwatch.","Buster Keaton,Kathryn McGuire,Joe Keaton",United States
"Monsters, Inc.",8.1,Animation,2001,1h 32m,"In order to power the city, monsters have to scare children so that they scream. However, the children are toxic to the monsters, and after a child gets through, two monsters realize things may not be what they think.","Billy Crystal,John Goodman,Mary Gibbs",United States
Wild Tales,8.1,Comedy,2014,2h 2m,Six short stories that explore the extremities of human behavior involving people in distress.,"Darío Grandinetti,María Marull,Mónica Villa",Argentina
The General,8.1,Action,1926,1h 18m,"After being rejected by the Confederate military, not realizing it was due to his crucial civilian role, an engineer must single-handedly recapture his beloved locomotive after it is seized by Union spies and return it through enemy lines.","Buster Keaton,Marion Mack,Glen Cavender",United States
The Deer Hunter,8.1,Drama,1978,3h 3m,An in-depth examination of the ways in which the Vietnam War impacts and disrupts the lives of several friends in a small steel mill town in Pennsylvania.,"Robert De Niro,Christopher Walken,John Cazale",United States
On the Waterfront,8.1,Crime,1954,1h 48m,"An ex-prize fighter turned New Jersey longshoreman struggles to stand up to his corrupt union bosses, including his older brother, as he starts to connect with the grieving sister of one of the syndicate's victims.","Marlon Brando,Karl Malden,Lee J. Cobb",United States
Dead Poets Society,8.1,Comedy,1989,2h 8m,"Maverick teacher John Keating returns in 1959 to the prestigious New England boys' boarding school where he was once a star student, using poetry to embolden his pupils to new heights of self-expression.","Robin Williams,Robert Sean Leonard,Ethan Hawke",United States
In the Name of the Father,8.1,Biography,1993,2h 13m,"An Irish man's coerced confession to an I.R.A. bombing he did not commit results in the imprisonment of his father as well. Meanwhile, a British lawyer fights to clear their names and free them.","Daniel Day-Lewis,Pete Postlethwaite,Alison Crosbie",Ireland
The Gold Rush,8.1,Adventure,1925,1h 35m,"A prospector goes to the Klondike during the 1890s gold rush in hopes of making his fortune, and is smitten with a girl he sees in a dance hall.","Charles Chaplin,Mack Swain,Tom Murray",United States
Gone Girl,8.1,Drama,2014,2h 29m,"With his wife's disappearance having become the focus of an intense media circus, a man sees the spotlight turned on him when it's suspected that he may not be innocent.","Ben Affleck,Rosamund Pike,Neil Patrick Harris",United States
Memories of Murder,8.1,Crime,2003,2h 12m,"In a small Korean province in 1986, two detectives struggle with the case of multiple young women being found raped and murdered by an unknown culprit.","Song Kang-ho,Kim Sang-kyung,Kim Roe-ha",South Korea
Barry Lyndon,8.1,Adventure,1975,3h 5m,An Irish rogue wins the heart of a rich widow and assumes her dead husband's aristocratic position in 18th-century England.,"Ryan O'Neal,Marisa Berenson,Patrick Magee",United Kingdom
Hacksaw Ridge,8.1,Biography,2016,2h 19m,"World War II American Army Medic Desmond T. Doss, serving during the Battle of Okinawa, refuses to kill people and becomes the first man in American history to receive the Medal of Honor without firing a shot.","Andrew Garfield,Sam Worthington,Luke Bracey",United States
Ben-Hur,8.1,Adventure,1959,3h 32m,"After a Jewish prince is betrayed and sent into slavery by a Roman friend in 1st-century Jerusalem, he regains his freedom and comes back for revenge.","Charlton Heston,Jack Hawkins,Stephen Boyd",United States
The Grand Budapest Hotel,8.1,Adventure,2014,1h 39m,"A writer encounters the owner of an aging high-class hotel, who tells him of his early years serving as a lobby boy in the hotel's glorious years under an exceptional concierge.","Ralph Fiennes,F. Murray Abraham,Mathieu Amalric",United States
Blade Runner,8.1,Action,1982,1h 57m,A blade runner must pursue and terminate four replicants who stole a ship in space and have returned to Earth to find their creator.,"Harrison Ford,Rutger Hauer,Sean Young",United States
12 Years a Slave,8.1,Biography,2013,2h 14m,"In the antebellum United States, Solomon Northup, a free Black man from upstate New York, is abducted and sold into slavery.","Chiwetel Ejiofor,Michael Kenneth Williams,Michael Fassbender",United Kingdom
Before Sunrise,8.1,Drama,1995,1h 41m,"A young man and woman meet on a train in Europe, and wind up spending one evening together in Vienna. Unfortunately, both know that this will probably be their only night together.","Ethan Hawke,Julie Delpy,Andrea Eckert",United States
Harry Potter and the Deathly Hallows: Part 2,8.1,Adventure,2011,2h 10m,"Harry, Ron, and Hermione search for Voldemort's remaining Horcruxes in their effort to destroy the Dark Lord as the final battle rages on at Hogwarts.","Daniel Radcliffe,Emma Watson,Rupert Grint",United Kingdom
My Neighbor Totoro,8.1,Animation,1988,1h 26m,"When two girls move to the country to be near their ailing mother, they have adventures with the wondrous forest spirits who live nearby.","Hitoshi Takagi,Noriko Hidaka,Chika Sakamoto",Japan
Million Dollar Baby,8.1,Drama,2004,2h 12m,"Frankie, an ill-tempered old coach, reluctantly agrees to train aspiring boxer Maggie. Impressed with her determination and talent, he helps her become the best and the two soon form a close bond.","Hilary Swank,Clint Eastwood,Morgan Freeman",United States
Children of Heaven,8.2,Drama,1997,1h 29m,"After a boy loses his sister's pair of shoes, he goes on a series of adventures in order to find them. When he can't, he tries a new way to ""win"" a new pair.","Mohammad Amir Naji,Amir Farrokh Hashemian,Bahare Seddiqi",Iran
Godzilla Minus One,8.3,Action,2023,2h 4m,"Post war Japan is at its lowest point when a new crisis emerges in the form of a giant monster, baptized in the horrific power of the atomic bomb.","Minami Hamabe,Sakura Andô,Ryunosuke Kamiki",Japan
Gran Torino,8.1,Drama,2008,1h 56m,"After a Hmong teenager tries to steal his prized 1972 Gran Torino, a disgruntled, prejudiced Korean War veteran seeks to redeem both the boy and himself.","Clint Eastwood,Bee Vang,Christopher Carley",Germany
Catch Me If You Can,8.1,Biography,2002,2h 21m,"Barely 17 yet, Frank is a skilled forger who has passed as a doctor, lawyer and pilot. FBI agent Carl becomes obsessed with tracking down the con man, who only revels in the pursuit.","Leonardo DiCaprio,Tom Hanks,Christopher Walken",United States
Warrior,8.1,Action,2011,2h 20m,"The youngest son of an alcoholic former boxer returns home, where he's trained by his father for competition in a mixed martial arts tournament - a path that puts the fighter on a collision course with his estranged, older brother.","Tom Hardy,Nick Nolte,Joel Edgerton",United States
Klaus,8.2,Animation,2019,1h 36m,"A simple act of kindness always sparks another, even in a frozen, faraway place. When Smeerensburg's new postman, Jesper, befriends toymaker Klaus, their gifts melt an age-old feud and deliver a sleigh full of holiday traditions.","Jason Schwartzman,J.K. Simmons,Rashida Jones",Spain
Spider-Man: No Way Home,8.2,Action,2021,2h 28m,"With Spider-Man's identity now revealed, Peter asks Doctor Strange for help. When a spell goes wrong, dangerous foes from other worlds start to appear, forcing Peter to discover what it truly means to be Spider-Man.","Tom Holland,Zendaya,Benedict Cumberbatch",United States
Trainspotting,8.1,Drama,1996,1h 33m,"Renton, deeply immersed in the Edinburgh drug scene, tries to clean up and get out despite the allure of drugs and the influence of friends.","Ewan McGregor,Ewen Bremner,Jonny Lee Miller",United Kingdom
The Bridge on the River Kwai,8.1,Adventure,1957,2h 41m,"British POWs are forced to build a railway bridge across the river Kwai for their Japanese captors in occupied Burma, not knowing that the allied forces are planning a daring commando raid through the jungle to destroy it.","William Holden,Alec Guinness,Jack Hawkins",United Kingdom
Fargo,8.1,Crime,1996,1h 38m,Minnesota car salesman Jerry Lundegaard's inept crime falls apart due to his and his henchmen's bungling and the persistent police work of the quite pregnant Marge Gunderson.,"William H. Macy,Frances McDormand,Steve Buscemi",United States
Raging Bull,8.1,Biography,1980,2h 9m,"The life of boxer Jake LaMotta, whose violence and temper that led him to the top in the ring destroyed his life outside of it.","Robert De Niro,Cathy Moriarty,Joe Pesci",United States
"Three Billboards Outside Ebbing, Missouri",8.1,Comedy,2017,1h 55m,A mother personally challenges the local authorities to solve her daughter's murder when they fail to catch the culprit.,"Frances McDormand,Woody Harrelson,Sam Rockwell",United Kingdom
Inside Out,8.1,Animation,2015,1h 35m,"After young Riley is uprooted from her Midwest life and moved to San Francisco, her emotions - Joy, Fear, Anger, Disgust and Sadness - conflict on how best to navigate a new city, house, and school.","Amy Poehler,Bill Hader,Lewis Black",United States
The Secret in Their Eyes,8.2,Drama,2009,2h 9m,A retired legal counselor writes a novel hoping to find closure for one of his past unresolved homicide cases and for his unreciprocated love with his superior - both of which still haunt him decades later.,"Ricardo Darín,Soledad Villamil,Pablo Rago",Argentina
"Lock, Stock and Two Smoking Barrels",8.1,Action,1998,1h 47m,"Eddy persuades his three pals to pool money for a vital poker game against a powerful local mobster, Hatchet Harry. Eddy loses, after which Harry gives him a week to pay back 500,000 pounds.","Jason Flemyng,Dexter Fletcher,Nick Moran",United Kingdom
Gone with the Wind,8.2,Drama,1939,3h 58m,A sheltered and manipulative Southern belle and a roguish profiteer face off in a turbulent romance as the society around them crumbles with the end of slavery and is rebuilt during the Civil War and Reconstruction periods.,"Clark Gable,Vivien Leigh,Thomas Mitchell",United States
V for Vendetta,8.2,Action,2005,2h 12m,"In a future British dystopian society, a shadowy freedom fighter, known only by the alias of ""V"", plots to overthrow the tyrannical government - with the help of a young woman.","Hugo Weaving,Natalie Portman,Rupert Graves",United States
Chinatown,8.1,Drama,1974,2h 10m,"A private detective hired to expose an adulterer in 1930s Los Angeles finds himself caught up in a web of deceit, corruption, and murder.","Jack Nicholson,Faye Dunaway,John Huston",United States
Howl's Moving Castle,8.2,Animation,2004,1h 59m,"When an unconfident young woman is cursed with an old body by a spiteful witch, her only chance of breaking the spell lies with a self-indulgent yet insecure young wizard and his companions in his legged, walking castle.","Chieko Baishô,Takuya Kimura,Tatsuya Gashûin",Japan
The Elephant Man,8.2,Biography,1980,2h 4m,"A Victorian surgeon rescues a heavily disfigured man who is mistreated while scraping a living as a side-show freak. Behind his monstrous façade, there is revealed a person of kindness, intelligence and sophistication.","Anthony Hopkins,John Hurt,Anne Bancroft",United States
Finding Nemo,8.2,Animation,2003,1h 40m,"After his son is captured in the Great Barrier Reef and taken to Sydney, a timid clownfish sets out on a journey to bring him home.","Albert Brooks,Ellen DeGeneres,Alexander Gould",United States
Dial M for Murder,8.2,Crime,1954,1h 45m,A former tennis star arranges the murder of his adulterous wife.,"Ray Milland,Grace Kelly,Robert Cummings",United States
Rashomon,8.2,Crime,1950,1h 28m,"The rape of a bride and the murder of her samurai husband are recalled from the perspectives of a bandit, the bride, the samurai's ghost and a woodcutter.","Toshirô Mifune,Machiko Kyô,Masayuki Mori",Japan
Monty Python and the Holy Grail,8.2,Adventure,1975,1h 31m,"King Arthur and his Knights of the Round Table embark on a surreal, low-budget search for the Holy Grail, encountering many, very silly obstacles.","Graham Chapman,John Cleese,Eric Idle",United Kingdom
Kill Bill: Vol. 1,8.2,Action,2003,1h 51m,"After awakening from a four-year coma, a former assassin wreaks vengeance on the team of assassins who betrayed her.","Uma Thurman,David Carradine,Daryl Hannah",United States
The Great Escape,8.2,Adventure,1963,2h 52m,Allied prisoners of war plan for several hundred of their number to escape from a German camp during World War II.,"Steve McQueen,James Garner,Richard Attenborough",United States
Yojimbo,8.2,Action,1961,1h 50m,A crafty ronin comes to a town divided by two criminal gangs and decides to play them against each other to free the town.,"Toshirô Mifune,Eijirô Tôno,Tatsuya Nakadai",Japan
The Treasure of the Sierra Madre,8.2,Adventure,1948,2h 6m,Two down-on-their-luck Americans searching for work in 1920s Mexico convince an old prospector to help them mine for gold in the Sierra Madre Mountains.,"Humphrey Bogart,Walter Huston,Tim Holt",United States
No Country for Old Men,8.2,Crime,2007,2h 2m,Violence and mayhem ensue after a hunter stumbles upon the aftermath of a drug deal gone wrong and over two million dollars in cash near the Rio Grande.,"Tommy Lee Jones,Javier Bardem,Josh Brolin",United States
The Thing,8.2,Horror,1982,1h 49m,A research team in Antarctica is hunted by a shape-shifting alien that assumes the appearance of its victims.,"Kurt Russell,Wilford Brimley,Keith David",United States
Unforgiven,8.2,Drama,1992,2h 10m,"Retired Old West gunslinger William Munny reluctantly takes on one last job, with the help of his old partner Ned Logan and a young man, The ""Schofield Kid.""","Clint Eastwood,Gene Hackman,Morgan Freeman",United States
A Beautiful Mind,8.2,Biography,2001,2h 15m,"A mathematical genius, John Nash made an astonishing discovery early in his career and stood on the brink of international acclaim. But the handsome and arrogant Nash soon found himself on a harrowing journey of self-discovery.","Russell Crowe,Ed Harris,Jennifer Connelly",United States
Pan's Labyrinth,8.2,Drama,2006,1h 58m,"In the Falangist Spain of 1944, the bookish young stepdaughter of a sadistic army officer escapes into an eerie but captivating fantasy world.","Ivana Baquero,Ariadna Gil,Sergi López",Mexico
The Sixth Sense,8.2,Drama,1999,1h 47m,"Malcolm Crowe, a child psychologist, starts treating a young boy, Cole, who encounters dead people and convinces him to help them. In turn, Cole helps Malcolm reconcile with his estranged wife.","Bruce Willis,Haley Joel Osment,Toni Collette",United States
Jurassic Park,8.2,Action,1993,2h 7m,A pragmatic paleontologist touring an almost complete theme park on an island in Central America is tasked with protecting a couple of kids after a power failure causes the park's cloned dinosaurs to run loose.,"Sam Neill,Laura Dern,Jeff Goldblum",United States
Ran,8.2,Action,1985,2h 40m,"In Medieval Japan, an elderly warlord retires, handing over his empire to his three sons. However, he vastly underestimates how the new-found power will corrupt them and cause them to turn on each other...and him.","Tatsuya Nakadai,Akira Terao,Jinpachi Nezu",Japan
Prisoners,8.2,Crime,2013,2h 33m,"When Keller Dover's daughter and her friend go missing, he takes matters into his own hands as the police pursue multiple leads and the pressure mounts.","Hugh Jackman,Jake Gyllenhaal,Viola Davis",United States
Shutter Island,8.2,Drama,2010,2h 18m,"Teddy Daniels and Chuck Aule, two US marshals, are sent to an asylum on a remote island in order to investigate the disappearance of a patient, where Teddy uncovers a shocking truth about the place.","Leonardo DiCaprio,Emily Mortimer,Mark Ruffalo",United States
There Will Be Blood,8.2,Drama,2007,2h 38m,"A story of family, religion, hatred, oil and madness, focusing on a turn-of-the-century prospector in the early days of the business.","Daniel Day-Lewis,Paul Dano,Ciarán Hinds",United States
Casino,8.2,Crime,1995,2h 58m,"In Las Vegas, two best friends - a casino executive and a mafia enforcer - compete for a gambling empire and a fast-living, fast-loving socialite.","Robert De Niro,Sharon Stone,Joe Pesci",United States
All About Eve,8.2,Drama,1950,2h 18m,A seemingly timid but secretly ruthless ingénue insinuates herself into the lives of an aging Broadway star and her circle of theater friends.,"Bette Davis,Anne Baxter,George Sanders",United States
The Truman Show,8.2,Comedy,1998,1h 43m,An insurance salesman discovers his whole life is actually a reality TV show.,"Jim Carrey,Ed Harris,Laura Linney",United States
Top Gun: Maverick,8.2,Action,2022,2h 10m,"After thirty years, Maverick is still pushing the envelope as a top naval aviator, but must confront ghosts of his past when he leads TOP GUN's elite graduates on a mission that demands the ultimate sacrifice from those chosen to fly it.","Tom Cruise,Jennifer Connelly,Miles Teller",United States
The Father,8.2,Drama,2020,1h 37m,"A man refuses all assistance from his daughter as he ages. As he tries to make sense of his changing circumstances, he begins to doubt his loved ones, his own mind and even the fabric of his reality.","Anthony Hopkins,Olivia Colman,Mark Gatiss",United Kingdom
The Kid,8.2,Comedy,1921,1h 8m,"The Tramp cares for an abandoned child, but events put their relationship in jeopardy.","Charles Chaplin,Edna Purviance,Jackie Coogan",United States
Batman Begins,8.2,Action,2005,2h 20m,"After witnessing his parents' death, Bruce learns the art of fighting to confront injustice. When he returns to Gotham as Batman, he must stop a secret society that intends to destroy the city.","Christian Bale,Michael Caine,Ken Watanabe",United States
For a Few Dollars More,8.2,Drama,1965,2h 12m,"Two bounty hunters with the same intentions team up to track down a gang of outlaws led by a psychotic Mexican bandit, who is plotting an audacious bank robbery.","Clint Eastwood,Lee Van Cleef,Gian Maria Volontè",Italy
Some Like It Hot,8.2,Comedy,1959,2h 1m,"After two male musicians witness a mob hit, they flee the state in an all-female band disguised as women, but further complications set in.","Marilyn Monroe,Tony Curtis,Jack Lemmon",United States
The Wolf of Wall Street,8.2,Biography,2013,3h,"Based on the true story of Jordan Belfort, from his rise to a wealthy stock-broker living the high life to his fall involving crime, corruption and the federal government.","Leonardo DiCaprio,Jonah Hill,Margot Robbie",United States
Green Book,8.2,Biography,2018,2h 10m,A working-class Italian-American bouncer becomes the driver for an African-American classical pianist on a tour of venues through the 1960s American South.,"Viggo Mortensen,Mahershala Ali,Linda Cardellini",United States
Judgment at Nuremberg,8.3,Drama,1961,2h 59m,"In 1948, an American court in occupied Germany tries four Nazis judged for war crimes.","Spencer Tracy,Burt Lancaster,Richard Widmark",United States
Downfall,8.2,Biography,2004,2h 36m,"Traudl Junge, the final secretary for Adolf Hitler, tells of the Nazi dictator's final days in his Berlin bunker at the end of WWII.","Bruno Ganz,Alexandra Maria Lara,Ulrich Matthes",Germany
Taxi Driver,8.2,Crime,1976,1h 54m,"A mentally unstable veteran works as a nighttime taxi driver in New York City, where the perceived decadence and sleaze fuels his urge for violent action.","Robert De Niro,Jodie Foster,Cybill Shepherd",United States
L.A. Confidential,8.2,Crime,1997,2h 18m,"As corruption grows in 1950s Los Angeles, three policemen - one strait-laced, one brutal, and one sleazy - investigate a series of murders with their own brand of justice.","Kevin Spacey,Russell Crowe,Guy Pearce",United States
Snatch,8.2,Comedy,2000,1h 42m,"Unscrupulous boxing promoters, violent bookmakers, a Russian gangster, incompetent amateur robbers and supposedly Jewish jewelers fight to track down a priceless stolen diamond.","Jason Statham,Brad Pitt,Stephen Graham",United Kingdom
1917,8.2,Action,2019,1h 59m,"April 6th, 1917. As an infantry battalion assembles to wage war deep in enemy territory, two soldiers are assigned to race against time and deliver a message that will stop 1,600 men from walking straight into a deadly trap.","Dean-Charles Chapman,George MacKay,Daniel Mays",United Kingdom
Dangal,8.3,Action,2016,2h 41m,Former wrestler Mahavir Singh Phogat and his two wrestler daughters struggle towards glory at the Commonwealth Games in the face of societal oppression.,"Aamir Khan,Sakshi Tanwar,Fatima Sana Shaikh",India
Hamilton,8.3,Biography,2020,2h 40m,"The real life of one of America's foremost founding fathers and first Secretary of the Treasury, Alexander Hamilton. Captured live on Broadway from the Richard Rodgers Theater with the original Broadway cast.","Lin-Manuel Miranda,Phillipa Soo,Leslie Odom Jr.",United States
Metropolis,8.3,Drama,1927,2h 33m,"In a futuristic city sharply divided between the working class and the city planners, the son of the city's mastermind falls in love with a working-class prophet who predicts the coming of a savior to mediate their differences.","Brigitte Helm,Alfred Abel,Gustav Fröhlich",Germany
Like Stars on Earth,8.3,Drama,2007,2h 42m,"An eight-year-old boy is thought to be a lazy trouble-maker, until the new art teacher has the patience and compassion to discover the real problem behind his struggles in school.","Darsheel Safary,Aamir Khan,Tisca Chopra",India
Indiana Jones and the Last Crusade,8.2,Action,1989,2h 7m,"In 1938, after his father goes missing while pursuing the Holy Grail, Indiana Jones finds himself up against the Nazis again to stop them from obtaining its powers.","Harrison Ford,Sean Connery,Alison Doody",United States
Bicycle Thieves,8.3,Drama,1948,1h 29m,"In post-war Italy, a working-class man's bicycle is stolen, endangering his efforts to find work. He and his son set out to find it.","Lamberto Maggiorani,Enzo Staiola,Lianella Carell",Italy
A Separation,8.3,Drama,2011,2h 3m,A married couple are faced with a difficult decision - to improve the life of their child by moving to another country or to stay in Iran and look after a deteriorating parent who has Alzheimer's disease.,"Payman Maadi,Leila Hatami,Sareh Bayat",Iran
Die Hard,8.2,Action,1988,2h 12m,A New York City police officer tries to save his estranged wife and several others taken hostage by terrorists during a Christmas party at the Nakatomi Plaza in Los Angeles.,"Bruce Willis,Alan Rickman,Bonnie Bedelia",United States
To Kill a Mockingbird,8.3,Crime,1962,2h 9m,"Atticus Finch, a widowed lawyer in Depression-era Alabama, defends a Black man against an undeserved rape charge, and tries to educate his young children against prejudice.","Gregory Peck,John Megna,Frank Overton",United States
Heat,8.3,Action,1995,2h 50m,A group of high-end professional thieves start to feel the heat from the LAPD when they unknowingly leave a verbal clue at their latest heist.,"Al Pacino,Robert De Niro,Val Kilmer",United States
Full Metal Jacket,8.3,Drama,1987,1h 56m,A pragmatic U.S. Marine observes the dehumanizing effects the Vietnam War has on his fellow recruits from their brutal boot camp training to the bloody street fighting in Hue.,"Matthew Modine,R. Lee Ermey,Vincent D'Onofrio",United Kingdom
Up,8.3,Animation,2009,1h 36m,"78-year-old Carl Fredricksen travels to Paradise Falls in his house equipped with balloons, inadvertently taking a young stowaway.","Edward Asner,Jordan Nagai,John Ratzenberger",United States
Amélie,8.3,Comedy,2001,2h 2m,"Despite being caught in her imaginative world, Amelie, a young waitress, decides to help people find happiness. Her quest to spread joy leads her on a journey where she finds true love.","Audrey Tautou,Mathieu Kassovitz,Rufus",France
The Sting,8.3,Comedy,1973,2h 9m,Two grifters team up to pull off the ultimate con.,"Paul Newman,Robert Redford,Robert Shaw",United States
Incendies,8.3,Drama,2010,2h 11m,Twins journey to the Middle East to discover their family history and fulfill their mother's last wishes.,"Lubna Azabal,Mélissa Désormeaux-Poulin,Maxim Gaudette",Canada
A Clockwork Orange,8.3,Crime,1971,2h 16m,"In the future, a sadistic gang leader is imprisoned and volunteers for a conduct-aversion experiment, but it doesn't go as planned.","Malcolm McDowell,Patrick Magee,Michael Bates",United Kingdom
M,8.3,Crime,1931,1h 39m,"When the police in a German city are unable to catch a child-murderer, other criminals join in the manhunt.","Peter Lorre,Ellen Widmann,Inge Landgut",Germany
Scarface,8.3,Crime,1983,2h 50m,"In 1980 Miami, a determined Cuban immigrant takes over a drug cartel and succumbs to greed.","Al Pacino,Michelle Pfeiffer,Steven Bauer",United States
Double Indemnity,8.3,Crime,1944,1h 47m,"A Los Angeles insurance representative lets an alluring housewife seduce him into a scheme of insurance fraud and murder that arouses the suspicion of his colleague, an insurance investigator.","Fred MacMurray,Barbara Stanwyck,Edward G. Robinson",United States
Citizen Kane,8.3,Drama,1941,1h 59m,"Following the death of publishing tycoon Charles Foster Kane, reporters scramble to uncover the meaning of his final utterance: 'Rosebud.'","Orson Welles,Joseph Cotten,Dorothy Comingore",United States
The Apartment,8.3,Comedy,1960,2h 5m,"A Manhattan insurance clerk tries to rise in his company by letting its executives use his apartment for trysts, but complications and a romance of his own ensue.","Jack Lemmon,Shirley MacLaine,Fred MacMurray",United States
Vertigo,8.3,Mystery,1958,2h 8m,"A former San Francisco police detective juggles wrestling with his personal demons and becoming obsessed with the hauntingly beautiful woman he has been hired to trail, who may be deeply disturbed.","James Stewart,Kim Novak,Barbara Bel Geddes",United States
2001: A Space Odyssey,8.3,Adventure,1968,2h 29m,"After uncovering a mysterious artifact buried beneath the Lunar surface, a spacecraft is sent to Jupiter to find its origins: a spacecraft manned by two men and the supercomputer HAL 9000.","Keir Dullea,Gary Lockwood,William Sylvester",United Kingdom
North by Northwest,8.3,Action,1959,2h 16m,"A New York City advertising executive goes on the run after being mistaken for a government agent by a group of foreign spies, and falls for a woman whose loyalties he begins to doubt.","Cary Grant,Eva Marie Saint,James Mason",United States
Reservoir Dogs,8.3,Crime,1992,1h 39m,"When a simple jewelry heist goes horribly wrong, the surviving criminals begin to suspect that one of them is a police informant.","Harvey Keitel,Tim Roth,Michael Madsen",United States
Lawrence of Arabia,8.3,Adventure,1962,3h 38m,"The story of T.E. Lawrence, the English officer who successfully united and led the diverse, often warring, Arab tribes during World War I in order to fight the Turks.","Peter O'Toole,Alec Guinness,Anthony Quinn",United Kingdom
Ikiru,8.3,Drama,1952,2h 23m,A bureaucrat tries to find meaning in his life after he discovers he has terminal cancer.,"Takashi Shimura,Nobuo Kaneko,Shin'ichi Himori",Japan
The Hunt,8.3,Drama,2012,1h 55m,"A teacher lives a lonely life, all the while struggling over his son's custody. His life slowly gets better as he finds love and receives good news from his son, but his new luck is about to be brutally shattered by an innocent little lie.","Mads Mikkelsen,Thomas Bo Larsen,Annika Wedderkopp",Denmark
Toy Story 3,8.3,Animation,2010,1h 43m,"The toys are mistakenly delivered to a day-care center instead of the attic right before Andy leaves for college, and it's up to Woody to convince the other toys that they weren't abandoned and to return home.","Tom Hanks,Tim Allen,Joan Cusack",United States
Requiem for a Dream,8.3,Drama,2000,1h 42m,The drug-induced utopias of four Coney Island people are shattered when their addictions run deep.,"Ellen Burstyn,Jared Leto,Jennifer Connelly",United States
Eternal Sunshine of the Spotless Mind,8.3,Drama,2004,1h 48m,"When their relationship turns sour, a couple undergoes a medical procedure to have each other erased from their memories for ever.","Jim Carrey,Kate Winslet,Tom Wilkinson",United States
Come and See,8.4,Drama,1985,2h 22m,"After finding an old rifle, a young boy joins the Soviet resistance movement against ruthless German forces and experiences the horrors of World War II.","Aleksey Kravchenko,Olga Mironova,Liubomiras Laucevicius",Soviet Union
Star Wars: Episode VI - Return of the Jedi,8.3,Action,1983,2h 11m,"After rescuing Han Solo from Jabba the Hutt, the Rebels attempt to destroy the second Death Star, while Luke struggles to help Darth Vader back from the dark side.","Mark Hamill,Harrison Ford,Carrie Fisher",United States
Capernaum,8.4,Drama,2018,2h 6m,"While serving a five-year sentence for a violent crime, a 12-year-old boy sues his parents for neglect.","Zain Al Rafeea,Yordanos Shiferaw,Boluwatife Treasure Bankole",Lebanon
Oppenheimer,8.3,Biography,2023,3h,The story of American scientist J. Robert Oppenheimer and his role in the development of the atomic bomb.,"Cillian Murphy,Emily Blunt,Matt Damon",United States
Singin' in the Rain,8.3,Comedy,1952,1h 43m,A silent film star falls for a chorus girl just as he and his delusionally jealous screen partner are trying to make the difficult transition to talking pictures in 1920s Hollywood.,"Gene Kelly,Donald O'Connor,Debbie Reynolds",United States
3 Idiots,8.4,Comedy,2009,2h 50m,"Two friends are searching for their long lost companion. They revisit their college days and recall the memories of their friend who inspired them to think differently, even as the rest of the world called them ""idiots"".","Aamir Khan,Madhavan,Mona Singh",India
High and Low,8.4,Crime,1963,2h 23m,An executive of a Yokohama shoe company becomes a victim of extortion when his chauffeur's son is kidnapped by mistake and held for ransom.,"Toshirô Mifune,Yutaka Sada,Tatsuya Nakadai",Japan
Your Name.,8.4,Animation,2016,1h 46m,"Two teenagers share a profound, magical connection upon discovering they are swapping bodies. Things manage to become even more complicated when the boy and girl decide to meet in person.","Ryunosuke Kamiki,Mone Kamishiraishi,Ryo Narita",Japan
Once Upon a Time in America,8.3,Crime,1984,3h 49m,"A former Prohibition-era Jewish gangster returns to the Lower East Side of Manhattan 35 years later, where he must once again confront the ghosts and regrets of his old life.","Robert De Niro,James Woods,Elizabeth McGovern",United States
Princess Mononoke,8.3,Animation,1997,2h 14m,"On a journey to find the cure for a Tatarigami's curse, Ashitaka finds himself in the middle of a war between the forest gods and Tatara, a mining colony. In this quest he also meets San, the Mononoke Hime.","Yôji Matsuda,Yuriko Ishida,Yûko Tanaka",Japan
Avengers: Endgame,8.4,Action,2019,3h 1m,"After the devastating events of Avengers: Infinity War (2018), the universe is in ruins. With the help of remaining allies, the Avengers assemble once more in order to reverse Thanos' actions and restore balance to the universe.","Robert Downey Jr.,Chris Evans,Mark Ruffalo",United States
The Boat,8.4,Drama,1981,,A German U-boat stalks the frigid waters of the North Atlantic as its young crew experience the sheer terror and claustrophobic life of a submariner in World War II.,"Jürgen Prochnow,Herbert Grönemeyer,Klaus Wennemann",West Germany
Joker,8.4,Crime,2019,2h 2m,"During the 1980s, a failed stand-up comedian is driven insane and turns to a life of crime and chaos in Gotham City while becoming an infamous psychopathic crime figure.","Joaquin Phoenix,Robert De Niro,Zazie Beetz",United States
Amadeus,8.4,Biography,1984,2h 40m,"The life, success and troubles of Wolfgang Amadeus Mozart, as told by Antonio Salieri, the contemporaneous composer who was deeply jealous of Mozart's talent and claimed to have murdered him.","F. Murray Abraham,Tom Hulce,Elizabeth Berridge",United States
Coco,8.4,Animation,2017,1h 45m,"Aspiring musician Miguel, confronted with his family's ancestral ban on music, enters the Land of the Dead to find his great-great-grandfather, a legendary singer.","Anthony Gonzalez,Gael García Bernal,Benjamin Bratt",United States
Toy Story,8.3,Animation,1995,1h 21m,A cowboy doll is profoundly threatened and jealous when a new spaceman action figure supplants him as top toy in a boy's bedroom.,"Tom Hanks,Tim Allen,Don Rickles",United States
Good Will Hunting,8.3,Drama,1997,2h 6m,"Will Hunting, a janitor at M.I.T., has a gift for mathematics, but needs help from a psychologist to find direction in his life.","Robin Williams,Matt Damon,Ben Affleck",United States
Oldboy,8.3,Action,2003,2h,"After being kidnapped and imprisoned for fifteen years, Oh Dae-Su is released, only to find that he must find his captor in five days.","Choi Min-sik,Yoo Ji-tae,Kang Hye-jeong",South Korea
Braveheart,8.3,Biography,1995,2h 58m,Scottish warrior William Wallace leads his countrymen in a rebellion to free his homeland from the tyranny of King Edward I of England.,"Mel Gibson,Sophie Marceau,Patrick McGoohan",United States
Dr. Strangelove or: How I Learned to Stop Worrying and Love the Bomb,8.4,Comedy,1964,1h 35m,"An insane American general orders a bombing attack on the Soviet Union, triggering a path to nuclear holocaust that a war room full of politicians and generals frantically tries to stop.","Peter Sellers,George C. Scott,Sterling Hayden",United Kingdom
American Beauty,8.3,Drama,1999,2h 2m,A sexually frustrated suburban father has a mid-life crisis after becoming infatuated with his daughter's best friend.,"Kevin Spacey,Annette Bening,Thora Birch",United States
The Dark Knight Rises,8.4,Action,2012,2h 44m,"Eight years after the Joker's reign of chaos, Batman is coerced out of exile with the assistance of the mysterious Selina Kyle in order to defend Gotham City from the vicious guerrilla terrorist Bane.","Christian Bale,Tom Hardy,Anne Hathaway",United States
Aliens,8.4,Action,1986,2h 17m,"Decades after surviving the Nostromo incident, Ellen Ripley is sent out to re-establish contact with a terraforming colony but finds herself battling the Alien Queen and her offspring.","Sigourney Weaver,Michael Biehn,Carrie Henn",United Kingdom
The Great Dictator,8.4,Comedy,1940,2h 5m,Dictator Adenoid Hynkel tries to expand his empire while a poor Jewish barber tries to avoid persecution from Hynkel's regime.,"Charles Chaplin,Paulette Goddard,Jack Oakie",United States
Inglourious Basterds,8.4,Adventure,2009,2h 33m,"In Nazi-occupied France during World War II, a plan to assassinate Nazi leaders by a group of Jewish U.S. soldiers coincides with a theatre owner's vengeful plans for the same.","Brad Pitt,Diane Kruger,Eli Roth",Germany
The Shining,8.4,Drama,1980,2h 26m,"A family heads to an isolated hotel for the winter where a sinister presence influences the father into violence, while his psychic son sees horrific forebodings from both past and future.","Jack Nicholson,Shelley Duvall,Danny Lloyd",United Kingdom
Paths of Glory,8.4,Drama,1957,1h 28m,"After a failed attack on a German position, a general orders three soldiers, chosen at random, court-martialed for cowardice and their commanding officer must defend them.","Kirk Douglas,Ralph Meeker,Adolphe Menjou",United States
Avengers: Infinity War,8.4,Action,2018,2h 29m,The Avengers and their allies must be willing to sacrifice all in an attempt to defeat the powerful Thanos before his blitz of devastation and ruin puts an end to the universe.,"Robert Downey Jr.,Chris Hemsworth,Mark Ruffalo",United States
Witness for the Prosecution,8.4,Crime,1957,1h 56m,A veteran British barrister must defend his client in a murder trial that has surprise after surprise.,"Tyrone Power,Marlene Dietrich,Charles Laughton",United States
Sunset Blvd.,8.4,Drama,1950,1h 50m,A screenwriter develops a dangerous relationship with a faded film star determined to make a triumphant return.,"William Holden,Gloria Swanson,Erich von Stroheim",United States
Spider-Man: Into the Spider-Verse,8.4,Animation,2018,1h 57m,Teen Miles Morales becomes the Spider-Man of his universe and must join with five spider-powered individuals from other dimensions to stop a threat for all realities.,"Shameik Moore,Jake Johnson,Hailee Steinfeld",Canada
Raiders of the Lost Ark,8.4,Action,1981,1h 55m,"In 1936, archaeologist and adventurer Indiana Jones is hired by the U.S. government to find the Ark of the Covenant before the Nazis can obtain its awesome powers.","Harrison Ford,Karen Allen,Paul Freeman",United States
The Lives of Others,8.4,Drama,2006,2h 17m,"In 1984 East Berlin, an agent of the secret police, conducting surveillance on a writer and his lover, finds himself becoming increasingly absorbed by their lives.","Ulrich Mühe,Martina Gedeck,Sebastian Koch",Germany
12th Fail,9.0,Biography,2023,,The real-life story of IPS Officer Manoj Kumar Sharma and IRS Officer Shraddha Joshi.,"Vikrant Massey,Medha Shankr,Anant Joshi",India
Memento,8.4,Mystery,2000,1h 53m,A man with short-term memory loss attempts to track down his wife's murderer.,"Guy Pearce,Carrie-Anne Moss,Joe Pantoliano",United States
WALL·E,8.4,Animation,2008,1h 38m,"In the distant future, a small waste-collecting robot inadvertently embarks on a space journey that will ultimately decide the fate of mankind.","Ben Burtt,Elissa Knight,Jeff Garlin",United States
Django Unchained,8.5,Drama,2012,2h 45m,"With the help of a German bounty-hunter, a freed slave sets out to rescue his wife from a brutal plantation owner in Mississippi.","Jamie Foxx,Christoph Waltz,Leonardo DiCaprio",United States
Alien,8.5,Horror,1979,1h 57m,The crew of a commercial spacecraft encounters a deadly lifeform after investigating a mysterious transmission of unknown origin.,"Sigourney Weaver,Tom Skerritt,John Hurt",United Kingdom
Apocalypse Now,8.4,Drama,1979,2h 27m,A U.S. Army officer serving in Vietnam is tasked with assassinating a renegade Special Forces Colonel who sees himself as a god.,"Martin Sheen,Marlon Brando,Robert Duvall",United States
Once Upon a Time in the West,8.5,Western,1968,2h 46m,A mysterious stranger with a harmonica joins forces with a notorious desperado to protect a beautiful widow from a ruthless assassin working for the railroad.,"Henry Fonda,Charles Bronson,Claudia Cardinale",Italy
City Lights,8.5,Comedy,1931,1h 27m,"With the aid of a wealthy erratic tippler, a dewy-eyed tramp who has fallen in love with a sightless flower girl accumulates money to be able to help her medically.","Charles Chaplin,Virginia Cherrill,Florence Lee",United States
Modern Times,8.5,Comedy,1936,1h 27m,The Tramp struggles to live in modern industrial society with the help of a young homeless woman.,"Charles Chaplin,Paulette Goddard,Henry Bergman",United States
The Intouchables,8.5,Comedy,2011,1h 52m,"After he becomes a quadriplegic from a paragliding accident, an aristocrat hires a young man from the projects to be his caregiver.","François Cluzet,Omar Sy,Anne Le Ny",France
Cinema Paradiso,8.5,Drama,1988,2h 54m,A filmmaker recalls his childhood when falling in love with the pictures at the cinema of his home village and forms a deep friendship with the cinema's projectionist.,"Philippe Noiret,Enzo Cannavale,Antonella Attili",Italy
Rear Window,8.5,Mystery,1954,1h 52m,"A photographer in a wheelchair spies on his neighbors from his Greenwich Village courtyard apartment window, and becomes convinced one of them has committed murder, despite the skepticism of his fashion-model girlfriend.","James Stewart,Grace Kelly,Wendell Corey",United States
The Usual Suspects,8.5,Crime,1995,1h 46m,The sole survivor of a pier shoot-out tells the story of how a notorious criminal influenced the events that began with five criminals meeting in a seemingly random police lineup.,"Kevin Spacey,Gabriel Byrne,Chazz Palminteri",United States
Grave of the Fireflies,8.5,Animation,1988,1h 29m,A young boy and his little sister struggle to survive in Japan during World War II.,"Tsutomu Tatsumi,Ayano Shiraishi,Akemi Yamaguchi",Japan
The Prestige,8.5,Drama,2006,2h 10m,"After a tragic accident, two stage magicians in 1890s London engage in a battle to create the ultimate illusion while sacrificing everything they have to outwit each other.","Christian Bale,Hugh Jackman,Scarlett Johansson",United Kingdom
Casablanca,8.5,Drama,1942,1h 42m,A cynical expatriate American cafe owner struggles to decide whether or not to help his former lover and her fugitive husband escape the Nazis in French Morocco.,"Humphrey Bogart,Ingrid Bergman,Paul Henreid",United States
American History X,8.5,Crime,1998,1h 59m,"Living a life marked by violence, neo-Nazi Derek finally goes to prison after killing two black youths. Upon his release, Derek vows to change; he hopes to prevent his brother, Danny, who idolizes Derek, from following in his footsteps.","Edward Norton,Edward Furlong,Beverly D'Angelo",United States
Whiplash,8.5,Drama,2014,1h 46m,A promising young drummer enrolls at a cut-throat music conservatory where his dreams of greatness are mentored by an instructor who will stop at nothing to realize a student's potential.,"Miles Teller,J.K. Simmons,Melissa Benoist",United States
The Departed,8.5,Crime,2006,2h 31m,An undercover cop and a mole in the police attempt to identify each other while infiltrating an Irish gang in South Boston.,"Leonardo DiCaprio,Matt Damon,Jack Nicholson",United States
Léon: The Professional,8.5,Action,1994,1h 50m,"12-year-old Mathilda is reluctantly taken in by Léon, a professional assassin, after her family is murdered. An unusual relationship forms as she becomes his protégée and learns the assassin's trade.","Jean Reno,Gary Oldman,Natalie Portman",France
The Lion King,8.5,Animation,1994,1h 28m,"Lion prince Simba and his father are targeted by his bitter uncle, who wants to ascend the throne himself.","Matthew Broderick,Jeremy Irons,James Earl Jones",United States
Psycho,8.5,Horror,1960,1h 49m,"A Phoenix secretary embezzles $40,000 from her employer's client, goes on the run and checks into a remote motel run by a young man under the domination of his mother.","Anthony Perkins,Janet Leigh,Vera Miles",United States
Spider-Man: Across the Spider-Verse,8.6,Animation,2023,2h 20m,"Miles Morales catapults across the multiverse, where he encounters a team of Spider-People charged with protecting its very existence. When the heroes clash on how to handle a new threat, Miles must redefine what it means to be a hero.","Shameik Moore,Hailee Steinfeld,Brian Tyree Henry",United States
Parasite,8.5,Drama,2019,2h 12m,Greed and class discrimination threaten the newly formed symbiotic relationship between the wealthy Park family and the destitute Kim clan.,"Song Kang-ho,Lee Sun-kyun,Cho Yeo-jeong",South Korea
Gladiator,8.5,Action,2000,2h 35m,A former Roman General sets out to exact vengeance against the corrupt emperor who murdered his family and sent him into slavery.,"Russell Crowe,Joaquin Phoenix,Connie Nielsen",United States
The Pianist,8.5,Biography,2002,2h 30m,"During WWII, acclaimed Polish musician Wladyslaw faces various struggles as he loses contact with his family. As the situation worsens, he hides in the ruins of Warsaw in order to survive.","Adrien Brody,Thomas Kretschmann,Frank Finlay",France
Harakiri,8.6,Action,1962,2h 13m,"When a ronin requesting seppuku at a feudal lord's palace is told of the brutal suicide of another ronin who previously visited, he reveals how their pasts are intertwined - and in doing so challenges the clan's integrity.","Tatsuya Nakadai,Akira Ishihama,Shima Iwashita",Japan
Star Wars: Episode IV - A New Hope,8.6,Action,1977,2h 1m,"Luke Skywalker joins forces with a Jedi Knight, a cocky pilot, a Wookiee and two droids to save the galaxy from the Empire's world-destroying battle station, while also attempting to rescue Princess Leia from the mysterious Darth Vader.","Mark Hamill,Harrison Ford,Carrie Fisher",United States
Back to the Future,8.5,Adventure,1985,1h 56m,"Marty McFly, a 17-year-old high school student, is accidentally sent 30 years into the past in a time-traveling DeLorean invented by his close friend, the maverick scientist Doc Brown.","Michael J. Fox,Christopher Lloyd,Lea Thompson",United States
Spirited Away,8.6,Animation,2001,2h 5m,"During her family's move to the suburbs, a sullen 10-year-old girl wanders into a world ruled by gods, witches and spirits, a world where humans are changed into beasts.","Daveigh Chase,Suzanne Pleshette,Miyu Irino",Japan
Terminator 2: Judgment Day,8.6,Action,1991,2h 17m,"A cyborg, identical to the one who failed to kill Sarah Connor, must now protect her ten year old son John from an even more advanced and powerful cyborg.","Arnold Schwarzenegger,Linda Hamilton,Edward Furlong",United States
City of God,8.6,Crime,2002,2h 10m,"In the slums of Rio, two kids' paths diverge as one struggles to become a photographer and the other a kingpin.","Alexandre Rodrigues,Leandro Firmino,Matheus Nachtergaele",Brazil
The Green Mile,8.6,Crime,1999,3h 9m,"A tale set on death row, where gentle giant John Coffey possesses the mysterious power to heal people's ailments. When the lead guard, Paul Edgecombe, recognizes John's gift, he tries to help stave off the condemned man's execution.","Tom Hanks,Michael Clarke Duncan,David Morse",United States
Life Is Beautiful,8.6,Comedy,1997,1h 56m,"When an open-minded Jewish waiter and his son become victims of the Holocaust, he uses a perfect mixture of will, humor and imagination to protect his son from the dangers around their camp.","Roberto Benigni,Nicoletta Braschi,Giorgio Cantarini",Italy
"The Good, the Bad and the Ugly",8.8,Adventure,1966,2h 58m,A bounty hunting scam joins two men in an uneasy alliance against a third in a race to find a fortune in gold buried in a remote cemetery.,"Clint Eastwood,Eli Wallach,Lee Van Cleef",Italy
The Lord of the Rings: The Fellowship of the Ring,8.9,Action,2001,2h 58m,A meek Hobbit from the Shire and eight companions set out on a journey to destroy the powerful One Ring and save Middle-earth from the Dark Lord Sauron.,"Elijah Wood,Ian McKellen,Orlando Bloom",New Zealand
The Lord of the Rings: The Return of the King,9.0,Action,2003,3h 21m,Gandalf and Aragorn lead the World of Men against Sauron's army to draw his gaze from Frodo and Sam as they approach Mount Doom with the One Ring.,"Elijah Wood,Viggo Mortensen,Ian McKellen",New Zealand
Pulp Fiction,8.9,Crime,1994,2h 34m,"The lives of two mob hitmen, a boxer, a gangster and his wife, and a pair of diner bandits intertwine in four tales of violence and redemption.","John Travolta,Uma Thurman,Samuel L. Jackson",United States
The Godfather Part II,9.0,Crime,1974,3h 22m,"The early life and career of Vito Corleone in 1920s New York City is portrayed, while his son, Michael, expands and tightens his grip on the family crime syndicate.","Al Pacino,Robert De Niro,Robert Duvall",United States
12 Angry Men,9.0,Crime,1957,1h 36m,The jury in a New York City murder trial is frustrated by a single member whose skeptical caution forces them to more carefully consider the evidence before jumping to a hasty verdict.,"Henry Fonda,Lee J. Cobb,Martin Balsam",United States
The Godfather,9.2,Crime,1972,2h 55m,The aging patriarch of an organized crime dynasty transfers control of his clandestine empire to his reluctant son.,"Marlon Brando,Al Pacino,James Caan",United States
Schindler's List,9.0,Biography,1993,3h 15m,"In German-occupied Poland during World War II, industrialist Oskar Schindler gradually becomes concerned for his Jewish workforce after witnessing their persecution by the Nazis.","Liam Neeson,Ralph Fiennes,Ben Kingsley",United States
The Dark Knight,9.0,Action,2008,2h 32m,"When the menace known as the Joker wreaks havoc and chaos on the people of Gotham, Batman must accept one of the greatest psychological and physical tests of his ability to fight injustice.","Christian Bale,Heath Ledger,Aaron Eckhart",United States
